aaron,1
erin,1
ronnie,1
ron,1
abbie,2
abby,2
abigail,2
abe,3
abraham,3
abram,3
abednego,4
bedney,4
abel,5
ebbie,5
ab,5
abe,5
eb,5
abiel,6
ab,6
abigail,7
nabby,7
abby,7
gail,7
abijah,8
ab,8
bige,8
abner,9
ab,9
abraham,10
ab,10
abe,10
abram,11
ab,11
absalom,12
app,12
ab,12
abbie,12
ada,13
addy,13
adaline,14
delia,14
lena,14
dell,14
addy,14
ada,14
adam,15
edie,15
ade,15
addy,16
adele,16
adela,17
della,17
adelaide,18
heidi,18
adele,18
dell,18
addy,18
della,18
adelbert,19
del,19
albert,19
delbert,19
bert,19
adele,20
dell,20
adeline,21
delia,21
lena,21
dell,21
addy,21
ada,21
adelphia,22
philly,22
delphia,22
adele,22
dell,22
addy,22
adolphus,23
dolph,23
ado,23
adolph,23
adrian,24
rian,24
adrienne,25
adrian,25
agatha,26
aggy,26
agnes,27
inez,27
aggy,27
nessa,27
aileen,28
lena,28
allie,28
al,29
albert,29
bert,29
alex,29
alan,30
al,30
alanson,31
al,31
lanson,31
alastair,32
al,32
alazama,33
ali,33
albert,34
bert,34
al,34
alberta,35
bert,35
allie,35
bertie,35
aldo,36
al,36
aldrich,37
riche,37
rich,37
aleva,38
levy,38
leve,38
alex,39
alexandra,39
alexander,39
alexander,40
alex,40
al,40
sandy,40
alexandra,41
alex,41
sandy,41
alla,41
sandra,41
alexandria,42
drina,42
alexander,42
alla,42
sandra,42
alexis,43
lexi,43
alfonse,44
al,44
alfred,45
freddy,45
al,45
fred,45
alfreda,46
freddy,46
alfy,46
freda,46
frieda,46
algernon,47
algy,47
alice,48
lisa,48
elsie,48
allie,48
alicia,49
lisa,49
elsie,49
allie,49
aline,50
adeline,50
alison,51
ali,51
allan,52
al,52
allen,53
al,53
allisandra,54
allie,54
almena,55
mena,55
allie,55
almina,56
minnie,56
almira,57
myra,57
alonzo,58
lon,58
al,58
lonzo,58
alphinias,59
alphus,59
alverta,60
virdie,60
vert,60
alyssa,61
lissia,61
al,61
ally,61
alzada,62
zada,62
amanda,63
mandy,63
manda,63
ambrose,64
brose,64
amelia,65
amy,65
mel,65
millie,65
emily,65
amos,66
moses,66
anastasia,67
ana,67
stacy,67
anderson,68
andy,68
andrea,69
drea,69
rea,69
andrew,69
andrew,70
andy,70
drew,70
andy,71
andrew,71
drew,71
angela,72
angelica,72
angelina,72
angel,72
angeline,72
jane,72
angie,72
angelina,73
lina,73
ann,74
nana,74
nan,74
nancy,74
annie,74
nanny,74
anna,75
anne,75
ann,75
annie,75
anne,76
annie,76
nana,76
ann,76
nan,76
nanny,76
nancy,76
annette,77
anna,77
nettie,77
annie,78
ann,78
anna,78
anselm,79
ansel,79
selma,79
anse,79
ance,79
anthony,80
tony,80
antoinette,81
tony,81
netta,81
ann,81
antonia,82
tony,82
netta,82
ann,82
appoline,83
appy,83
appie,83
aquilla,84
quil,84
quillie,84
ara,85
belle,85
arry,85
arabella,86
ara,86
bella,86
arry,86
belle,86
arabelle,87
ara,87
bella,87
arry,87
belle,87
araminta,88
armida,88
middie,88
ruminta,88
minty,88
archibald,89
archie,89
archilles,90
kill,90
killis,90
ariadne,91
arie,91
arielle,92
arie,92
aristotle,93
telly,93
arizona,94
onie,94
ona,94
arlene,95
arly,95
lena,95
armanda,96
mandy,96
armena,97
mena,97
arry,97
armilda,98
milly,98
arminda,99
mindie,99
arminta,100
minite,100
minnie,100
arnold,101
arnie,101
art,102
arthur,102
artelepsa,103
epsey,103
artemus,104
art,104
arthur,105
art,105
arthusa,106
thursa,106
arzada,107
zaddi,107
asahel,108
asa,108
asaph,109
asa,109
asenath,110
sene,110
assene,110
natty,110
aubrey,111
bree,111
audrey,112
dee,112
august,113
gus,113
augusta,114
tina,114
aggy,114
gatsy,114
gussie,114
augustina,115
tina,115
aggy,115
gatsy,115
gussie,115
augustine,116
gus,116
austin,116
august,116
augustus,117
gus,117
austin,117
august,117
aurelia,118
ree,118
rilly,118
orilla,118
aurilla,118
ora,118
avarilla,119
rilla,119
azariah,120
riah,120
aze,120
bab,121
barby,121
babs,122
barby,122
barbara,122
bab,122
barbara,123
barby,123
babs,123
bab,123
bobbie,123
barbery,124
barbara,124
barbie,125
barbara,125
barnabas,126
barney,126
barney,127
barnabas,127
bart,128
bartholomew,128
bartholomew,129
bartel,129
bat,129
meus,129
bart,129
mees,129
barticus,130
bart,130
bazaleel,131
basil,131
bea,132
beatrice,132
beatrice,133
bea,133
trisha,133
trixie,133
trix,133
becca,134
beck,134
beck,135
becky,135
bedelia,136
delia,136
bridgit,136
belinda,137
belle,137
linda,137
bella,138
belle,138
arabella,138
isabella,138
ben,139
benjamin,139
bennie,139
benedict,140
bennie,140
ben,140
benjamin,141
benjy,141
jamie,141
bennie,141
ben,141
benjy,142
benjamin,142
bernard,143
barney,143
bernie,143
berney,143
berney,144
bernie,144
bert,145
bertie,145
bob,145
bobby,145
bertha,146
bert,146
birdie,146
bertie,146
bertram,147
bert,147
bess,148
bessie,148
beth,149
betsy,149
betty,149
elizabeth,149
bethena,150
beth,150
thaney,150
beverly,151
bev,151
bezaleel,152
zeely,152
biddie,153
biddy,153
bill,154
william,154
billy,154
robert,154
willie,154
fred,154
billy,155
william,155
robert,155
fred,155
blanche,156
bea,156
bob,157
rob,157
robert,157
bobby,158
rob,158
bob,158
boetius,159
bo,159
brad,160
bradford,160
ford,160
bradford,161
ford,161
brad,161
brady,162
brody,162
brenda,163
brandy,163
brian,164
bryan,164
bryant,164
bridget,165
bridie,165
biddy,165
bridgie,165
biddie,165
brittany,166
britt,166
broderick,167
ricky,167
brody,167
brady,167
rick,167
cal,168
calvin,168
caldonia,169
calliedona,169
caleb,170
cal,170
california,171
callie,171
calista,172
kissy,172
calpurnia,173
cally,173
calvin,174
vin,174
vinny,174
cal,174
cameron,175
ron,175
cam,175
ronny,175
camille,176
millie,176
cammie,176
campbell,177
cam,177
candace,178
candy,178
dacey,178
carlotta,179
lottie,179
carlton,180
carl,180
carmellia,181
mellia,181
carmon,182
charm,182
cammie,182
carm,182
carol,183
lynn,183
carrie,183
carolann,183
cassie,183
caroline,183
carole,183
carolann,184
carol,184
carole,184
caroline,185
lynn,185
carol,185
carrie,185
cassie,185
carole,185
carolyn,186
lynn,186
carrie,186
cassie,186
carrie,187
cassie,187
carthaette,188
etta,188
etty,188
casey,189
k.c.,189
casper,190
jasper,190
cassandra,191
sandy,191
cassie,191
sandra,191
cassie,192
cassandra,192
caswell,193
cass,193
catherine,194
kathy,194
katy,194
lena,194
kittie,194
kit,194
trina,194
cathy,194
kay,194
cassie,194
cathleen,195
kathy,195
katy,195
lena,195
kittie,195
kit,195
trina,195
cathy,195
kay,195
cassie,195
cathy,196
kathy,196
cathleen,196
catherine,196
cecilia,197
cissy,197
celia,197
cedric,198
ced,198
rick,198
ricky,198
celeste,199
lessie,199
celia,199
celinda,200
linda,200
lynn,200
lindy,200
charity,201
chat,201
charles,202
charlie,202
chuck,202
carl,202
chick,202
charlie,203
charles,203
chuck,203
charlotte,204
char,204
sherry,204
lottie,204
lotta,204
chauncey,205
chan,205
cher,206
sher,206
cheryl,207
sheryl,207
chesley,208
chet,208
chester,209
chet,209
chet,210
chester,210
chick,211
charlotte,211
caroline,211
chuck,211
chloe,212
clo,212
chris,213
christina,213
christopher,213
christine,213
christa,214
chris,214
christian,215
chris,215
kit,215
christiana,216
kris,216
kristy,216
ann,216
tina,216
christy,216
chris,216
crissy,216
christina,217
kris,217
kristy,217
tina,217
christy,217
chris,217
crissy,217
christine,218
kris,218
kristy,218
chrissy,218
tina,218
chris,218
crissy,218
christopher,219
chris,219
kit,219
christy,220
crissy,220
cicely,221
cilla,221
cinderella,222
arilla,222
rella,222
cindy,222
rilla,222
cindy,223
cinderlla,223
claire,224
clair,224
clare,224
clara,224
clara,225
clarissa,225
clare,226
clara,226
clarence,227
clare,227
clair,227
clarinda,228
clara,228
clarissa,229
cissy,229
clara,229
claudia,230
claud,230
cleatus,231
cleat,231
clement,232
clem,232
clementine,233
clement,233
clem,233
cliff,234
clifford,234
cliff,234
clifford,235
ford,235
cliff,235
clifton,236
tony,236
cliff,236
cole,237
colie,237
columbus,238
clum,238
con,239
conny,239
conrad,240
conny,240
con,240
constance,241
connie,241
cordelia,242
cordy,242
delia,242
corey,243
coco,243
cordy,243
ree,243
corinne,244
cora,244
ora,244
cornelia,245
nelly,245
cornie,245
nelia,245
corny,245
nelle,245
cornelius,246
conny,246
niel,246
corny,246
con,246
cory,247
coco,247
cordy,247
ree,247
courtney,248
curt,248
court,248
crystal,249
chris,249
tal,249
stal,249
crys,249
curt,250
curtis,250
curtis,251
curt,251
cy,252
cyrus,252
cynthia,253
cintha,253
cindy,253
cyrenius,254
swene,254
cy,254
serene,254
renius,254
cene,254
cyrus,255
cy,255
daisy,256
margaret,256
dal,257
dahl,257
dalton,258
dahl,258
dan,259
danny,259
daniel,259
daniel,260
dan,260
danny,260
danielle,261
ellie,261
dani,261
danny,262
daniel,262
daphne,263
daph,263
daphie,263
darlene,264
lena,264
darry,264
dave,265
david,265
davey,266
david,266
david,267
dave,267
day,267
davey,267
deanne,268
ann,268
dee,268
deb,269
deborah,269
debra,269
debbie,270
deb,270
debra,270
deborah,270
debby,270
debby,271
deb,271
debora,272
deb,272
debbie,272
debby,272
deborah,273
deb,273
debbie,273
debby,273
debra,274
deb,274
debbie,274
deidre,275
deedee,275
delbert,276
bert,276
del,276
delia,277
fidelia,277
cordelia,277
delius,277
delilah,278
lil,278
lila,278
dell,278
della,278
deliverance,279
delly,279
dilly,279
della,279
dell,280
della,280
della,281
adela,281
delilah,281
adelaide,281
delores,282
lolly,282
lola,282
della,282
dee,282
dell,282
delpha,283
philadelphia,283
delphine,284
delphi,284
del,284
delf,284
demaris,285
dea,285
maris,285
mary,285
demerias,286
dea,286
maris,286
mary,286
democrates,287
mock,287
denise,288
dennis,288
dennis,289
denny,289
dennison,290
denny,290
derrick,291
ricky,291
eric,291
rick,291
deuteronomy,292
duty,292
diana,293
dicey,293
didi,293
di,293
diane,294
dicey,294
didi,294
di,294
dicey,295
dicie,295
dick,296
rick,296
richard,296
dickson,297
dick,297
domenic,298
dom,298
dominic,299
dom,299
don,300
donald,300
donald,301
dony,301
donnie,301
don,301
donny,301
donnie,302
donald,302
donny,302
donny,303
donald,303
dorcus,304
darkey,304
dorinda,305
dorothea,305
dora,305
doris,306
dora,306
dorothea,307
doda,307
dora,307
dorothy,308
dortha,308
dolly,308
dot,308
dotty,308
dot,309
dotty,309
dotha,310
dotty,310
douglas,311
doug,311
drew,312
andrew,312
drusilla,313
silla,313
duncan,314
dunk,314
earnest,315
ernestine,315
ernie,315
eb,316
ebbie,316
ebenezer,317
ebbie,317
eben,317
eb,317
ed,318
eddie,318
eddy,318
eddie,319
eddy,319
edgar,320
ed,320
eddie,320
eddy,320
edith,321
edie,321
edye,321
edmond,322
ed,322
eddie,322
eddy,322
edmund,323
ed,323
eddie,323
ted,323
eddy,323
ned,323
edna,324
edny,324
eduardo,325
ed,325
eddie,325
eddy,325
edward,326
teddy,326
ed,326
ned,326
ted,326
eddy,326
eddie,326
edwin,327
ed,327
eddie,327
win,327
eddy,327
ned,327
edwina,328
edwin,328
edyth,329
edie,329
edye,329
edythe,330
edie,330
edye,330
egbert,331
bert,331
burt,331
eighta,332
athy,332
eileen,333
helen,333
elaine,334
lainie,334
helen,334
elbert,335
albert,335
elbertson,336
elbert,336
bert,336
eleanor,337
lanna,337
nora,337
nelly,337
ellie,337
elaine,337
ellen,337
lenora,337
eleazer,338
lazar,338
elena,339
helen,339
elias,340
eli,340
lee,340
lias,340
elijah,341
lige,341
eli,341
eliphalel,342
life,342
eliphalet,343
left,343
elisa,344
lisa,344
elisha,345
lish,345
eli,345
eliza,346
elizabeth,346
elizabeth,347
libby,347
lisa,347
lib,347
lizzie,347
eliza,347
betsy,347
liza,347
betty,347
bessie,347
bess,347
beth,347
liz,347
ella,348
ellen,348
ellen,349
nellie,349
nell,349
helen,349
ellender,350
nellie,350
ellen,350
helen,350
ellie,351
elly,351
ellswood,352
elsey,352
elminie,353
minnie,353
elmira,354
ellie,354
elly,354
mira,354
elnora,355
nora,355
eloise,356
heloise,356
louise,356
elouise,357
louise,357
elsie,358
elsey,358
elswood,359
elsey,359
elvira,360
elvie,360
elwood,361
woody,361
elysia,362
lisa,362
elze,363
elsey,363
emanuel,364
manuel,364
manny,364
emeline,365
em,365
emmy,365
emma,365
milly,365
emily,365
emil,366
emily,366
emily,367
emmy,367
millie,367
emma,367
mel,367
emma,368
emmy,368
epaphroditius,369
dite,369
ditus,369
eppa,369
dyche,369
dyce,369
ephraim,370
eph,370
erasmus,371
raze,371
rasmus,371
eric,372
rick,372
ricky,372
ernest,373
ernie,373
ernestine,374
teeny,374
ernest,374
tina,374
erna,374
erwin,375
irwin,375
eseneth,376
senie,376
essy,377
es,377
estella,378
essy,378
stella,378
estelle,379
essy,379
stella,379
esther,380
hester,380
essie,380
eudicy,381
dicey,381
eudora,382
dora,382
eudoris,383
dossie,383
dosie,383
eugene,384
gene,384
eunice,385
nicie,385
euphemia,386
effie,386
effy,386
eurydice,387
dicey,387
eustacia,388
stacia,388
stacy,388
eva,389
eve,389
evaline,390
eva,390
lena,390
eve,390
evangeline,391
ev,391
evan,391
vangie,391
evelyn,392
evelina,392
ev,392
eve,392
experience,393
exie,393
ezekiel,394
zeke,394
ez,394
ezideen,395
ez,395
ezra,396
ez,396
faith,397
fay,397
felicia,398
fel,398
felix,398
feli,398
felicity,399
flick,399
tick,399
feltie,400
felty,400
ferdinand,401
freddie,401
freddy,401
ferdie,401
fred,401
ferdinando,402
nando,402
ferdie,402
fred,402
fidelia,403
delia,403
flo,404
florence,404
flora,405
florence,405
florence,406
flossy,406
flora,406
flo,406
floyd,407
lloyd,407
fran,408
frannie,408
frances,409
sis,409
cissy,409
frankie,409
franniey,409
fran,409
francie,409
frannie,409
fanny,409
francie,410
francine,410
francine,411
franniey,411
fran,411
frannie,411
francie,411
francis,412
fran,412
frankie,412
frank,412
frank,413
franklin,413
frankie,414
frank,414
francis,414
franklin,415
fran,415
frank,415
franklind,416
frank,416
fred,417
freddy,417
frederick,417
freda,418
frieda,418
frederica,419
frederick,419
frederick,420
freddie,420
freddy,420
fritz,420
fred,420
fredericka,421
freddy,421
ricka,421
freda,421
frieda,421
frieda,422
freddie,422
freddy,422
fred,422
gabby,423
gabriella,423
gabe,423
gabrielle,423
gabe,424
gabriel,424
gabriel,425
gabe,425
gabby,425
gabriella,426
ella,426
gabby,426
gabrielle,427
ella,427
gabby,427
genevieve,428
jean,428
eve,428
jenny,428
geoff,429
geoffrey,429
jeffrey,429
jeff,429
geoffrey,430
geoff,430
jeff,430
george,431
jorge,431
georgiana,431
georgia,432
george,432
georgiana,432
gerald,433
gerry,433
jerry,433
geraldine,434
gerry,434
gerrie,434
jerry,434
dina,434
gerhardt,435
gay,435
gerrie,436
geraldine,436
gerry,437
gerald,437
geraldine,437
jerry,437
gert,438
gertie,438
gertie,439
gertrude,439
gertrude,440
gertie,440
gert,440
trudy,440
gil,441
gilbert,441
gilbert,442
bert,442
gil,442
wilber,442
gloria,443
glory,443
governor,444
govie,444
greenberry,445
green,445
berry,445
gregory,446
greg,446
gretchen,447
margaret,447
griselda,448
grissel,448
gum,449
monty,449
gus,450
gussie,450
gustavus,451
gus,451
gwen,452
gwendolyn,452
wendy,452
gwendolyn,453
gwen,453
wendy,453
hamilton,454
ham,454
hannah,455
nan,455
nanny,455
anna,455
harold,456
hal,456
harry,456
harriet,457
hattie,457
harry,458
harold,458
henry,458
haseltine,459
hassie,459
heather,460
hetty,460
helen,461
lena,461
ella,461
ellen,461
ellie,461
helena,462
eileen,462
lena,462
nell,462
nellie,462
eleanor,462
elaine,462
ellen,462
aileen,462
helene,463
lena,463
ella,463
ellen,463
ellie,463
heloise,464
lois,464
eloise,464
elouise,464
henrietta,465
hank,465
etta,465
etty,465
retta,465
nettie,465
henry,466
hank,466
hal,466
harry,466
hephsibah,467
hipsie,467
hepsibah,468
hipsie,468
herb,469
herbert,469
herbert,470
bert,470
herb,470
herman,471
harman,471
dutch,471
hermione,472
hermie,472
hester,473
hessy,473
esther,473
hetty,473
hezekiah,474
hy,474
hez,474
kiah,474
hiram,475
hy,475
honora,476
honey,476
nora,476
norry,476
norah,476
hopkins,477
hopp,477
hop,477
horace,478
horry,478
hortense,479
harty,479
tensey,479
hosea,480
hosey,480
hosie,480
howard,481
hal,481
howie,481
hubert,482
bert,482
hugh,482
hub,482
ian,483
john,483
ignatius,484
natius,484
iggy,484
nate,484
nace,484
ignatzio,485
naz,485
iggy,485
nace,485
immanuel,486
manuel,486
emmanuel,486
india,487
indie,487
indy,487
inez,488
agnes,488
iona,489
onnie,489
irene,490
rena,490
irvin,491
irving,491
irving,492
irv,492
irwin,493
erwin,493
isaac,494
ike,494
zeke,494
isabel,495
tibbie,495
bell,495
nib,495
belle,495
bella,495
nibby,495
ib,495
issy,495
isabella,496
tibbie,496
nib,496
belle,496
bella,496
nibby,496
ib,496
issy,496
isabelle,497
tibbie,497
nib,497
belle,497
bella,497
nibby,497
ib,497
issy,497
isadora,498
issy,498
dora,498
isaiah,499
zadie,499
zay,499
isidore,500
izzy,500
iva,501
ivy,501
ivan,502
john,502
jackson,503
jack,503
jacob,504
jaap,504
jake,504
jay,504
jacobus,505
jacob,505
jacqueline,506
jackie,506
jack,506
jahoda,507
hody,507
hodie,507
hoda,507
james,508
jimmy,508
jim,508
jamie,508
jimmie,508
jem,508
jamie,509
james,509
ben,509
jane,510
janie,510
jessie,510
jean,510
jennie,510
janet,511
jan,511
jessie,511
janice,512
jan,512
jannett,513
nettie,513
jasper,514
jap,514
casper,514
jayme,515
jay,515
jean,516
jane,516
jeannie,516
jeanette,517
jessie,517
jean,517
janet,517
nettie,517
jeanne,518
jane,518
jeannie,518
jeb,519
jebadiah,519
jedediah,520
dyer,520
jed,520
diah,520
jedidiah,521
jed,521
jeff,522
geoffrey,522
jeffrey,522
jefferey,523
jeff,523
jefferson,524
sonny,524
jeff,524
jeffrey,525
geoff,525
jeff,525
jehiel,526
hiel,526
jehu,527
hugh,527
gee,527
jemima,528
mima,528
jennet,529
jessie,529
jenny,529
jennifer,530
jennie,530
jenny,531
jennifer,531
jeremiah,532
jereme,532
jerry,532
jerita,533
rita,533
jerry,534
jereme,534
geraldine,534
jessica,535
jessie,535
jessie,536
jane,536
jess,536
janet,536
jim,537
jimmie,537
jincy,538
jane,538
jinsy,539
jane,539
joan,540
jo,540
nonie,540
joann,541
jo,541
joanna,542
hannah,542
jody,542
jo,542
joan,542
joanne,543
jo,543
jody,544
jo,544
joe,545
joseph,545
joey,545
joey,546
joseph,546
johanna,547
jo,547
johannah,548
hannah,548
jody,548
joan,548
nonie,548
johannes,549
jonathan,549
john,549
johnny,549
john,550
jack,550
johnny,550
jock,550
jon,551
john,551
nathan,551
jonathan,552
john,552
nathan,552
joseph,553
jody,553
jos,553
joe,553
joey,553
josephine,554
fina,554
jody,554
jo,554
josey,554
joey,554
josetta,555
jettie,555
josey,556
josophine,556
josh,557
joshua,557
joshua,558
jos,558
josh,558
josiah,559
jos,559
joyce,560
joy,560
juanita,561
nita,561
nettie,561
judah,562
juder,562
jude,562
judith,563
judie,563
juda,563
judy,563
judi,563
jude,563
judson,564
sonny,564
jud,564
judy,565
judith,565
julia,566
julie,566
jill,566
julian,567
jule,567
julias,568
jule,568
julie,569
julia,569
jule,569
june,570
junius,570
junior,571
junie,571
june,571
jr,571
justin,572
justus,572
justina,572
karonhappuck,573
karon,573
karen,573
carrie,573
happy,573
kasey,574
k.c.,574
katarina,575
catherine,575
tina,575
kate,576
kay,576
katelin,577
kay,577
kate,577
kaye,577
katelyn,578
kay,578
kate,578
kaye,578
katherine,579
kathy,579
katy,579
lena,579
kittie,579
kaye,579
kit,579
trina,579
cathy,579
kay,579
kate,579
cassie,579
kathleen,580
kathy,580
katy,580
lena,580
kittie,580
kit,580
trina,580
cathy,580
kay,580
cassie,580
kathryn,581
kathy,581
katy,582
kathy,582
kayla,583
kay,583
ken,584
kenneth,584
kendall,585
ken,585
kenny,585
kendra,586
kenj,586
kenji,586
kay,586
kenny,586
kendrick,587
ken,587
kenny,587
kenneth,588
ken,588
kenny,588
kendrick,588
kenny,589
ken,589
kenneth,589
kent,590
ken,590
kenny,590
kendrick,590
keziah,591
kizza,591
kizzie,591
kim,592
kimberly,592
kimberley,592
kimberley,593
kim,593
kimberly,594
kim,594
kingsley,595
king,595
kingston,596
king,596
kit,597
kittie,597
kris,598
chris,598
kristel,599
kris,599
kristen,600
chris,600
kristin,601
chris,601
kristine,602
kris,602
kristy,602
tina,602
christy,602
chris,602
crissy,602
kristopher,603
chris,603
kris,603
kristy,604
chris,604
lafayette,605
laffie,605
fate,605
lamont,606
monty,606
laodicia,607
dicy,607
cenia,607
larry,608
laurence,608
lawrence,608
lauren,609
ren,609
laurie,609
laurence,610
lorry,610
larry,610
lon,610
lonny,610
lorne,610
laurinda,611
laura,611
lawrence,611
lauryn,612
laurie,612
laveda,613
veda,613
laverne,614
vernon,614
verna,614
lavina,615
vina,615
viney,615
ina,615
lavinia,616
vina,616
viney,616
ina,616
lavonia,617
vina,617
vonnie,617
wyncha,617
viney,617
lavonne,618
von,618
lawrence,619
lorry,619
larry,619
lon,619
lonny,619
lorne,619
leanne,620
lea,620
annie,620
lecurgus,621
curg,621
lemuel,622
lem,622
lena,623
ellen,623
lenora,624
nora,624
lee,624
leo,625
leon,625
leonard,626
lineau,626
leo,626
leon,626
len,626
lenny,626
leonidas,627
lee,627
leon,627
leonora,628
nora,628
nell,628
nellie,628
leonore,629
nora,629
honor,629
elenor,629
leroy,630
roy,630
lee,630
l.r.,630
les,631
lester,631
leslie,632
les,632
lester,633
les,633
letitia,634
tish,634
titia,634
lettice,634
lettie,634
levi,635
lee,635
levicy,636
vicy,636
levone,637
von,637
lib,638
libby,638
lidia,639
lyddy,639
lil,640
lilly,640
lily,640
lillah,641
lil,641
lilly,641
lily,641
lolly,641
lillian,642
lil,642
lilly,642
lolly,642
lilly,643
lily,643
lincoln,644
link,644
linda,645
lindy,645
lynn,645
lindy,646
lynn,646
lionel,647
leon,647
lisa,648
lizzie,648
alice,648
liz,648
melissa,648
littleberry,649
little,649
berry,649
l.b.,649
liz,650
elizabeth,650
lizzie,651
elizabeth,651
liz,651
lois,652
lou,652
louise,652
lon,653
lonzo,653
lorenzo,654
loren,654
loretta,655
etta,655
lorrie,655
retta,655
lorraine,656
lorrie,656
lotta,657
lottie,657
lou,658
louis,658
lu,658
louis,659
lewis,659
louise,659
louie,659
lou,659
louisa,660
eliza,660
lou,660
lois,660
louise,661
eliza,661
lou,661
lois,661
louvinia,662
vina,662
vonnie,662
wyncha,662
viney,662
lucas,663
luke,663
lucia,664
lucy,664
lucius,664
lucias,665
luke,665
lucille,666
cille,666
lu,666
lucy,666
lou,666
lucina,667
sinah,667
lucinda,668
lu,668
lucy,668
cindy,668
lou,668
lucretia,669
creasey,669
lucy,670
lucinda,670
luella,671
lula,671
ella,671
lu,671
luke,672
lucas,672
lunetta,673
nettie,673
lurana,674
lura,674
luther,675
luke,675
lydia,676
lyddy,676
lyndon,677
lindy,677
lynn,677
mabel,678
mehitabel,678
amabel,678
mac,679
mc,679
mack,680
mac,680
mc,680
mackenzie,681
kenzy,681
mac,681
mack,681
maddy,682
madelyn,682
madeline,682
madge,682
madeline,683
maggie,683
lena,683
magda,683
maddy,683
madge,683
madie,684
madeline,684
madelyn,684
madison,685
mattie,685
maddy,685
magdalena,686
maggie,686
lena,686
magdelina,687
lena,687
magda,687
madge,687
mahala,688
hallie,688
malachi,689
mally,689
malcolm,690
mac,690
mal,690
malc,690
malinda,691
lindy,691
manda,692
mandy,692
mandy,693
amanda,693
manerva,694
minerva,694
nervie,694
eve,694
nerva,694
manny,695
manuel,695
manoah,696
noah,696
manola,697
nonnie,697
manuel,698
emanuel,698
manny,698
marcus,699
mark,699
margaret,700
maggie,700
meg,700
peg,700
midge,700
margy,700
margie,700
madge,700
peggy,700
maggy,700
marge,700
daisy,700
margery,700
gretta,700
rita,700
margaretta,701
maggie,701
meg,701
peg,701
midge,701
margie,701
madge,701
peggy,701
marge,701
daisy,701
margery,701
gretta,701
rita,701
margarita,702
maggie,702
meg,702
metta,702
midge,702
greta,702
megan,702
maisie,702
madge,702
marge,702
daisy,702
peggie,702
rita,702
margo,702
marge,703
margery,703
margaret,703
margaretta,703
margie,704
marjorie,704
margie,704
marguerite,705
peggy,705
margy,706
marjorie,706
mariah,707
mary,707
maria,707
marian,708
marianna,708
marion,708
marie,709
mae,709
marietta,710
mariah,710
mercy,710
polly,710
may,710
molly,710
mitzi,710
minnie,710
mollie,710
mae,710
maureen,710
marion,710
marie,710
mamie,710
mary,710
maria,710
marilyn,711
mary,711
marion,712
mary,712
marissa,713
rissa,713
marjorie,714
margy,714
margie,714
marsha,715
marcie,715
mary,715
martha,716
marty,716
mattie,716
mat,716
patsy,716
patty,716
martin,717
marty,717
martina,718
tina,718
martine,719
tine,719
marv,720
marvin,720
marvin,721
marv,721
mary,722
mamie,722
molly,722
mae,722
polly,722
mitzi,722
mat,723
mattie,723
mathilda,724
tillie,724
patty,724
matilda,725
tilly,725
maud,725
matty,725
matt,726
mathew,726
matthew,726
matthew,727
thys,727
matt,727
thias,727
mattie,727
matty,727
matthias,728
thys,728
matt,728
thias,728
maud,729
middy,729
maureen,730
mary,730
maurice,731
morey,731
mavery,732
mave,732
mavine,733
mave,733
maxine,734
max,734
may,735
mae,735
mckenna,736
ken,736
kenna,736
meaka,736
medora,737
dora,737
megan,738
meg,738
mehitabel,739
hetty,739
mitty,739
mabel,739
hitty,739
melanie,740
mellie,740
melchizedek,741
zadock,741
dick,741
melinda,742
linda,742
mel,742
lynn,742
mindy,742
lindy,742
melissa,743
lisa,743
mel,743
missy,743
milly,743
lissa,743
mellony,744
mellia,744
melody,745
lodi,745
melvin,746
mel,746
melvina,747
vina,747
mercedes,748
merci,748
sadie,748
mercy,748
merv,749
mervin,749
mervyn,750
merv,750
micajah,751
cage,751
michael,752
micky,752
mike,752
micah,752
mick,752
michelle,753
mickey,753
mick,754
micky,754
mike,755
micky,755
mick,755
michael,755
mildred,756
milly,756
millicent,757
missy,757
milly,757
minerva,758
minnie,758
minnie,759
wilhelmina,759
miranda,760
randy,760
mandy,760
mira,760
miriam,761
mimi,761
mitzi,761
mitzie,761
missy,762
melissa,762
mitch,763
mitchell,763
mitchell,764
mitch,764
mitzi,765
mary,765
mittie,765
mitty,765
mitzie,766
mittie,766
mitty,766
monet,767
nettie,767
monica,768
monna,768
monnie,768
monteleon,769
monte,769
montesque,770
monty,770
montgomery,771
monty,771
gum,771
monty,772
lamont,772
morris,773
morey,773
mortimer,774
mort,774
moses,775
amos,775
mose,775
moss,775
muriel,776
mur,776
myrtle,777
myrt,777
myrti,777
mert,777
nadine,778
nada,778
deedee,778
nancy,779
ann,779
nan,779
nanny,779
naomi,780
omi,780
napoleon,781
nap,781
nappy,781
leon,781
natalie,782
natty,782
nettie,782
natasha,783
tasha,783
nat,783
nathan,784
nate,784
nat,784
nathaniel,785
than,785
nathan,785
nate,785
nat,785
natty,785
nelle,786
nelly,786
nelson,787
nels,787
newt,788
newton,788
nicholas,789
nick,789
claes,789
claas,789
nick,790
nik,790
nicholas,790
nickie,791
nicholas,791
nicodemus,792
nick,792
nicole,793
nole,793
nikki,793
cole,793
nik,794
nick,794
nora,795
nonie,795
norbert,796
bert,796
norby,796
nowell,797
noel,797
obadiah,798
dyer,798
obed,798
obie,798
diah,798
obedience,799
obed,799
beda,799
beedy,799
biddie,799
obie,800
obediah,800
octavia,801
tave,801
tavia,801
odell,802
odo,802
olive,803
nollie,803
livia,803
ollie,803
oliver,804
ollie,804
olivia,805
nollie,805
livia,805
ollie,805
ollie,806
oliver,806
onicyphorous,807
cyphorus,807
osaforus,807
syphorous,807
one,807
cy,807
osaforum,807
orilla,808
rilly,808
ora,808
orlando,809
roland,809
orphelia,810
phelia,810
ossy,811
ozzy,811
oswald,812
ozzy,812
waldo,812
ossy,812
otis,813
ode,813
ote,813
ozzy,814
oswald,814
pamela,815
pam,815
pandora,816
dora,816
parmelia,817
amelia,817
milly,817
melia,817
parthenia,818
teeny,818
parsuny,818
pasoonie,818
phenie,818
patience,819
pat,819
patty,819
patricia,820
tricia,820
pat,820
patsy,820
patty,820
patrick,821
pate,821
peter,821
pat,821
patsy,821
paddy,821
patsy,822
patty,822
patty,823
patricia,823
paul,824
polly,824
paula,824
pauline,824
paula,825
polly,825
lina,825
paulina,826
polly,826
lina,826
pauline,827
polly,827
peg,828
peggy,828
pelegrine,829
perry,829
penelope,830
penny,830
percival,831
percy,831
peregrine,832
perry,832
permelia,833
melly,833
milly,833
mellie,833
pernetta,834
nettie,834
persephone,835
seph,835
sephy,835
pete,836
peter,836
peter,837
pete,837
pate,837
petronella,838
nellie,838
pheney,839
josephine,839
pheriba,840
pherbia,840
ferbie,840
phil,841
phillip,841
philip,841
philadelphia,842
delphia,842
philander,843
fie,843
philetus,844
leet,844
phil,844
philinda,845
linda,845
lynn,845
lindy,845
philip,846
phil,846
philipina,847
phoebe,847
penie,847
phillip,848
phil,848
philly,849
delphia,849
philomena,850
menaalmena,850
phoebe,851
fifi,851
pinckney,852
pink,852
pleasant,853
ples,853
pocahontas,854
pokey,854
posthuma,855
humey,855
prescott,856
scotty,856
scott,856
pres,856
priscilla,857
prissy,857
cissy,857
cilla,857
providence,858
provy,858
prudence,859
prue,859
prudy,859
prudy,860
prudence,860
rachel,861
shelly,861
rafaela,862
rafa,862
ramona,863
mona,863
randolph,864
dolph,864
randy,864
raphael,865
ralph,865
ray,866
raymond,866
raymond,867
ray,867
reba,868
beck,868
becca,868
rebecca,869
beck,869
becca,869
reba,869
becky,869
reg,870
reggie,870
reggie,871
reginald,871
regina,872
reggie,872
gina,872
reginald,873
reggie,873
naldo,873
reg,873
renny,873
relief,874
leafa,874
reuben,875
rube,875
reynold,876
reginald,876
rhoda,877
rodie,877
rhodella,878
della,878
rhyna,879
rhynie,879
ricardo,880
rick,880
ricky,880
rich,881
dick,881
rick,881
riche,881
richard,881
richard,882
dick,882
dickon,882
dickie,882
dicky,882
rick,882
rich,882
ricky,882
richie,883
richard,883
rick,884
ricky,884
ricky,885
dick,885
rich,885
robert,886
hob,886
hobkin,886
dob,886
rob,886
bobby,886
dobbin,886
bob,886
roberta,887
robbie,887
bert,887
bobbie,887
birdie,887
bertie,887
roderick,888
rod,888
erick,888
rickie,888
rodger,889
roge,889
bobby,889
hodge,889
rod,889
robby,889
rupert,889
robin,889
roger,890
roge,890
bobby,890
hodge,890
rod,890
robby,890
rupert,890
robin,890
roland,891
rollo,891
lanny,891
orlando,891
rolly,891
ron,892
ronald,892
ronnie,892
ronny,892
ronald,893
naldo,893
ron,893
ronny,893
ronnie,894
ronald,894
ronny,895
ronald,895
rosa,896
rose,896
rosabel,897
belle,897
roz,897
rosa,897
rose,897
rosabella,898
belle,898
roz,898
rosa,898
rose,898
rosalinda,899
linda,899
roz,899
rosa,899
rose,899
rosalyn,900
linda,900
roz,900
rosa,900
rose,900
roscoe,901
ross,901
rose,902
rosie,902
roseann,903
rose,903
ann,903
rosie,903
roz,903
roseanna,904
rose,904
ann,904
rosie,904
roz,904
roseanne,905
ann,905
rosina,906
sina,906
roxane,907
rox,907
roxie,907
roxanna,908
roxie,908
rose,908
ann,908
roxanne,909
roxie,909
rose,909
ann,909
roz,910
rosalyn,910
rube,911
reuben,911
rudolph,912
dolph,912
rudy,912
olph,912
rolf,912
rudolphus,913
dolph,913
rudy,913
olph,913
rolf,913
rudy,914
rudolph,914
russ,915
russell,915
russell,916
russ,916
rusty,916
rusty,917
russell,917
ryan,918
ry,918
sabrina,919
brina,919
salome,920
loomie,920
salvador,921
sal,921
sam,922
sammy,922
samuel,922
samantha,923
sammy,923
sam,923
mantha,923
sammy,924
samuel,924
sampson,925
sam,925
samson,926
sam,926
samuel,927
sammy,927
sam,927
samyra,928
myra,928
sandra,929
sandy,929
cassandra,929
sandy,930
sandra,930
sanford,931
sandy,931
sarah,932
sally,932
sadie,932
sarilla,933
silla,933
savannah,934
vannie,934
anna,934
scott,935
scotty,935
sceeter,935
squat,935
scottie,935
sebastian,936
sebby,936
seb,936
selma,937
anselm,937
serena,938
rena,938
serilla,939
rilla,939
seymour,940
see,940
morey,940
shaina,941
sha,941
shay,941
sharon,942
sha,942
shay,942
sheila,943
cecilia,943
sheldon,944
shelly,944
shelton,945
tony,945
shel,945
shelly,945
sheridan,946
dan,946
danny,946
sher,946
sheryl,947
sher,947
shirley,948
sherry,948
lee,948
shirl,948
sibbilla,949
sybill,949
sibbie,949
sibbell,949
sidney,950
syd,950
sid,950
sigfired,951
sid,951
sigfrid,952
sid,952
sigismund,953
sig,953
silas,954
si,954
silence,955
liley,955
silvester,956
vester,956
si,956
sly,956
vest,956
syl,956
simeon,957
si,957
sion,957
simon,958
si,958
sion,958
sly,959
sylvester,959
smith,960
smitty,960
socrates,961
crate,961
solomon,962
sal,962
salmon,962
sol,962
solly,962
saul,962
zolly,962
sondra,963
dre,963
sonnie,963
sophia,964
sophie,964
sophronia,965
frona,965
sophia,965
fronia,965
stephan,966
steve,966
stephanie,967
stephen,967
stephie,967
annie,967
steph,967
stephen,968
steve,968
steph,968
steve,969
stephen,969
steven,969
steven,970
steve,970
steph,970
stuart,971
stu,971
sue,972
susie,972
susan,972
sullivan,973
sully,973
van,973
sully,974
sullivan,974
susan,975
hannah,975
susie,975
sue,975
sukey,975
suzie,975
susannah,976
hannah,976
susie,976
sue,976
sukey,976
susie,977
suzie,977
suzanne,978
suki,978
sue,978
susie,978
sybill,979
sibbie,979
sydney,980
sid,980
sylvanus,981
sly,981
syl,981
sylvester,982
sy,982
sly,982
vet,982
syl,982
vester,982
si,982
vessie,982
tabby,983
tabitha,983
tabitha,984
tabby,984
tamarra,985
tammy,985
tanafra,986
tanny,986
tasha,987
tash,987
tashie,987
ted,988
teddy,988
temperance,989
tempy,989
terence,990
terry,990
teresa,991
terry,991
terry,992
terence,992
tess,993
teresa,993
theresa,993
tessa,994
teresa,994
theresa,994
thad,995
thaddeus,995
thaddeus,996
thad,996
theo,997
theodore,997
theodora,998
dora,998
theodore,999
theo,999
ted,999
teddy,999
theodosia,1000
theo,1000
dosia,1000
theodosius,1000
theophilus,1001
ophi,1001
theotha,1002
otha,1002
theresa,1003
tessie,1003
thirza,1003
tessa,1003
terry,1003
tracy,1003
tess,1003
thursa,1003
thom,1004
thomas,1004
tommy,1004
tom,1004
thomas,1005
thom,1005
tommy,1005
tom,1005
thomasa,1006
tamzine,1006
tiffany,1007
tiff,1007
tiffy,1007
tilford,1008
tillie,1008
tim,1009
timothy,1009
timmy,1009
timmy,1010
timothy,1010
timothy,1011
tim,1011
timmy,1011
tina,1012
christina,1012
tobias,1013
bias,1013
toby,1013
tom,1014
thomas,1014
tommy,1014
tommy,1015
thomas,1015
tony,1016
anthony,1016
tranquilla,1017
trannie,1017
quilla,1017
trisha,1018
patricia,1018
trix,1019
trixie,1019
trudy,1020
gertrude,1020
tryphena,1021
phena,1021
unice,1022
eunice,1022
nicie,1022
uriah,1023
riah,1023
ursula,1024
sulie,1024
sula,1024
valentina,1025
felty,1025
vallie,1025
val,1025
valentine,1026
felty,1026
valeri,1027
val,1027
valerie,1028
val,1028
vanburen,1029
buren,1029
vandalia,1030
vannie,1030
vanessa,1031
essa,1031
vanna,1031
nessa,1031
vernisee,1032
nicey,1032
veronica,1033
vonnie,1033
ron,1033
ronna,1033
ronie,1033
frony,1033
franky,1033
ronnie,1033
vic,1034
vicki,1034
victor,1034
vicky,1034
vicki,1035
vicky,1035
victoria,1035
vickie,1036
victoria,1036
vicky,1037
victoria,1037
victor,1038
vic,1038
victoria,1039
torie,1039
vic,1039
vicki,1039
tory,1039
vicky,1039
vin,1040
vinny,1040
vince,1041
vinnie,1041
vincent,1042
vic,1042
vince,1042
vinnie,1042
vin,1042
vinny,1042
vincenzo,1043
vic,1043
vinnie,1043
vin,1043
vinny,1043
vinson,1044
vinny,1044
viola,1045
ola,1045
vi,1045
violetta,1046
lettie,1046
virginia,1047
jane,1047
jennie,1047
ginny,1047
virgy,1047
ginger,1047
vivian,1048
vi,1048
viv,1048
waldo,1049
ozzy,1049
ossy,1049
wallace,1050
wally,1050
wally,1051
walt,1051
walter,1052
wally,1052
walt,1052
washington,1053
wash,1053
webster,1054
webb,1054
wendy,1055
wen,1055
wilber,1056
will,1056
bert,1056
wilbur,1057
willy,1057
willie,1057
wilda,1058
willie,1058
wilfred,1059
will,1059
willie,1059
fred,1059
wilhelmina,1060
mina,1060
wilma,1060
willie,1060
minnie,1060
will,1061
bill,1061
willie,1061
wilbur,1061
fred,1061
william,1062
willy,1062
bell,1062
bela,1062
bill,1062
will,1062
billy,1062
willie,1062
willie,1063
william,1063
fred,1063
willis,1064
willy,1064
bill,1064
wilma,1065
william,1065
billiewilhelm,1065
wilson,1066
will,1066
willy,1066
willie,1066
winfield,1067
field,1067
winny,1067
win,1067
winifred,1068
freddie,1068
winnie,1068
winnet,1068
winnie,1069
winnifred,1069
winnifred,1070
freddie,1070
freddy,1070
winny,1070
winnie,1070
fred,1070
winny,1071
winnifred,1071
winton,1072
wint,1072
woodrow,1073
woody,1073
wood,1073
drew,1073
yeona,1074
onie,1074
ona,1074
yulan,1075
lan,1075
yul,1075
yvonne,1076
vonna,1076
zach,1077
zachariah,1077
zachariah,1078
zachy,1078
zach,1078
zeke,1078
zebedee,1079
zeb,1079
zedediah,1080
dyer,1080
zed,1080
diah,1080
zephaniah,1081
zeph,1081
